[{
	"first_form": "абрам",
	"synonims": ["абраша",
	"абрамчик",
	"абрамка",
	"абраха"],
	"short_forms": ["авраам",
	"аврам",
	"эбрам",
	"абраан",
	"абраам",
	"абраму",
	"абрамий",
	"аврамий",
	"авраамий"]
},
{
	"first_form": "аваз",
	"synonims": [],
	"short_forms": []
},
{
	"first_form": "августин",
	"synonims": ["август",
	"ава",
	"ага",
	"густ",
	"густи",
	"густа",
	"густик",
	"густя",
	"гутя",
	"гуся",
	"тино",
	"стейн",
	"стин",
	"тейн",
	"агге"],
	"short_forms": ["остин",
	"остен",
	"огюстен",
	"агустин",
	"агостино",
	"аугустинос"]
},
{
	"first_form": "авраам",
	"synonims": ["абрамка",
	"аврамка",
	"абраха",
	"авраха",
	"абраша",
	"авраша",
	"абрашка",
	"аврашка",
	"ава"],
	"short_forms": ["абрам",
	"аврам",
	"абрамий",
	"авраамий",
	"аврамий",
	"абрахам"]
},
{
	"first_form": "агап",
	"synonims": ["агапей",
	"агапка",
	"гапа",
	"ага",
	"аганя",
	"ганя",
	"агаша",
	"гаша"],
	"short_forms": ["агапий",
	"агапит",
	"агафон",
	"агато",
	"агапиос",
	"агапие",
	"агапей"]
},
{
	"first_form": "агапит",
	"synonims": ["агапитка",
	"агапка",
	"гапа",
	"ага",
	"аганя",
	"ганя",
	"агаша",
	"гаша"],
	"short_forms": ["агапей",
	"агап",
	"гапон",
	"агапий"]
},
{
	"first_form": "агафон",
	"synonims": ["агафонка",
	"агафоша",
	"агапоша",
	"фоша",
	"агафоня",
	"агапоня",
	"фоня",
	"агапка",
	"гапа",
	"агаша",
	"гаша",
	"агуш",
	"ягуш"],
	"short_forms": ["агатон",
	"агат",
	"агапон",
	"гапон",
	"агафоний",
	"огафоний",
	"огафон",
	"гафон"]
},
{
	"first_form": "адам",
	"synonims": ["адамушка",
	"адя",
	"ада",
	"адаша",
	"эд",
	"эдди",
	"адамас",
	"адаш",
	"адамусь",
	"адась",
	"адаська",
	"адамка",
	"дамейка",
	"адамчык",
	"адамец",
	"адзик",
	"адук",
	"даме",
	"ади"],
	"short_forms": ["эдам",
	"адан",
	"адамо",
	"адем",
	"адэм"]
},
{
	"first_form": "адриан",
	"synonims": ["адрианка",
	"адриаха",
	"адриаша",
	"адря",
	"адя",
	"адрин",
	"андриянка",
	"андриаха",
	"андрияха",
	"айдринни",
	"андрияша",
	"яша",
	"андря",
	"андрюша",
	"эйд",
	"эйди",
	"ади",
	"адди",
	"адри",
	"янус",
	"яс"],
	"short_forms": ["андриан",
	"адриян",
	"андриян",
	"андреян",
	"эдриан",
	"эйдриан",
	"ариан",
	"адриану",
	"адриано",
	"адорьян",
	"адрианос",
	"хадриан",
	"хадрианус",
	"арьян",
	"адрианн"]
},
{
	"first_form": "азамат",
	"synonims": [],
	"short_forms": []
},
{
	"first_form": "азат",
	"synonims": ["аза"],
	"short_forms": ["азад",
	"асат"]
},
{
	"first_form": "айдар",
	"synonims": [],
	"short_forms": []
},
{
	"first_form": "айрат",
	"synonims": [],
	"short_forms": []
},
{
	"first_form": "акакий",
	"synonims": ["акаха",
	"акаша"],
	"short_forms": ["акакиос",
	"акасио",
	"акасиу"]
},
{
	"first_form": "аким",
	"synonims": ["яким",
	"еким",
	"акимка",
	"акимушка",
	"кима",
	"ким",
	"якимка"],
	"short_forms": ["иоаким",
	"джоаким",
	"йоахим",
	"хоакин",
	"жуакин",
	"джоаккино",
	"яхим"]
},
{
	"first_form": "алан",
	"synonims": ["эл",
	"ал",
	"аланиг",
	"ланиг",
	"алин"],
	"short_forms": ["ален",
	"аллан",
	"аллен",
	"алано",
	"алин",
	"алон",
	"аланд"]
},
{
	"first_form": "александр",
	"synonims": ["саша",
	"сашечка",
	"шура",
	"александрушка",
	"алексаня",
	"саня",
	"алекс",
	"санюха",
	"санюша",
	"алексаха",
	"алексаша",
	"ася",
	"сашуля",
	"сашуня",
	"сале",
	"сандр",
	"сашура",
	"али",
	"аля",
	"алик",
	"шурик"],
	"short_forms": ["алехандро",
	"аластар",
	"алистер",
	"олександр",
	"аляксандр",
	"александер",
	"алекзандер",
	"александрос",
	"алексан",
	"искандер",
	"ляксандр"]
},
{
	"first_form": "алексей",
	"synonims": ["алексейка",
	"алеха",
	"леха",
	"алеша",
	"леша",
	"али",
	"алик",
	"леля",
	"аля",
	"алюня",
	"люня",
	"лексейка",
	"лекса",
	"лекся",
	"лекса",
	"лекся",
	"аленя",
	"леня",
	"алека",
	"алека",
	"лека",
	"лека"],
	"short_forms": ["алексиус",
	"алексис",
	"алехо",
	"алессио",
	"алексиос",
	"алекси",
	"алексас"]
},
{
	"first_form": "али",
	"synonims": [],
	"short_forms": []
},
{
	"first_form": "алик",
	"synonims": ["ал",
	"аля",
	"али"],
	"short_forms": ["алик"]
},
{
	"first_form": "алихан",
	"synonims": ["али"],
	"short_forms": ["алихан"]
},
{
	"first_form": "алмаз",
	"synonims": [],
	"short_forms": []
},
{
	"first_form": "альберт",
	"synonims": ["ал",
	"эл",
	"алик",
	"альби",
	"берт",
	"бертик",
	"бера",
	"альбертик",
	"аля",
	"альбертино",
	"тино",
	"бертель",
	"ад",
	"ади",
	"алт"],
	"short_forms": ["адальберт",
	"обер",
	"альбер",
	"альберто",
	"альберту",
	"адальберт",
	"альбертос",
	"адальберту",
	"алберт",
	"адельбрехт",
	"элбрехт",
	"алерт",
	"альбейро"]
},
{
	"first_form": "амир",
	"synonims": [],
	"short_forms": []
},
{
	"first_form": "амирам",
	"synonims": ["ами"],
	"short_forms": ["амрам",
	"амран",
	"эмрам",
	"эмран",
	"имран"]
},
{
	"first_form": "анар",
	"synonims": [],
	"short_forms": []
},
{
	"first_form": "анастасий",
	"synonims": ["настас",
	"тасио",
	"тачито",
	"стаджо",
	"асташ",
	"насташ",
	"стасик",
	"стазек",
	"сташо",
	"стас",
	"стася"],
	"short_forms": ["анастас",
	"анастазиу",
	"анастасиос",
	"анастаз",
	"анастасиу",
	"анастасио"]
},
{
	"first_form": "анатолий",
	"synonims": ["толя",
	"толик",
	"толян",
	"анатолька",
	"натоля",
	"анатоха",
	"натоха",
	"анатоша",
	"натоша",
	"тоша",
	"тося",
	"тотя",
	"туся",
	"толюня",
	"толюся",
	"толяха",
	"толяша",
	"толька"],
	"short_forms": ["анатоль",
	"анатолио",
	"анатолиос"]
},
{
	"first_form": "ангел",
	"synonims": ["анги",
	"ангили",
	"гуля",
	"анхелито",
	"хело",
	"анджелино",
	"гела",
	"лино",
	"линуччо",
	"лалло",
	"лилло",
	"лиллино",
	"джино",
	"желу",
	"же",
	"анелек",
	"андя",
	"аделик",
	"ангелко",
	"ачо",
	"анго",
	"анджо"],
	"short_forms": ["эйнджел",
	"энджел",
	"анхель",
	"анжело",
	"ангелос",
	"ангелус",
	"анж",
	"анджей",
	"анже",
	"анджело",
	"ангель"]
},
{
	"first_form": "андрей",
	"synonims": ["андрейка",
	"андрюха",
	"андрюша",
	"андрюня",
	"андря",
	"анди",
	"дрю",
	"энди",
	"андра",
	"данд",
	"дрео"],
	"short_forms": ["андреа",
	"андрес",
	"анджей",
	"онджей",
	"андра",
	"антеро",
	"андре",
	"эндрю",
	"ондрей",
	"андреас"]
},
{
	"first_form": "анзор",
	"synonims": [],
	"short_forms": []
},
{
	"first_form": "антон",
	"synonims": ["антоха",
	"антоша",
	"тони",
	"анте",
	"тоша",
	"антонка",
	"антоня",
	"антося",
	"тося",
	"антя",
	"тоня",
	"анто",
	"антуш",
	"антось",
	"титоан",
	"тонио",
	"нино",
	"титуан"],
	"short_forms": ["антоний",
	"антонин",
	"энтони",
	"антониус",
	"антуан",
	"антонио",
	"антони",
	"анталь"]
},
{
	"first_form": "анфим",
	"synonims": ["анфимка",
	"фима",
	"анфиша",
	"фиша"],
	"short_forms": ["анфимий",
	"антим"]
},
{
	"first_form": "арам",
	"synonims": ["арик"],
	"short_forms": ["армени",
	"арменик",
	"авраам"]
},
{
	"first_form": "аристарх",
	"synonims": ["ари",
	"аря",
	"арик",
	"аристаша",
	"ристаша",
	"аристя",
	"старх"],
	"short_forms": ["аристархос",
	"аристархус",
	"аристаркес",
	"аристарко",
	"алистар",
	"листар",
	"листрах",
	"алистарх"]
},
{
	"first_form": "аркадий",
	"synonims": ["аркаша",
	"адик",
	"аря",
	"арик",
	"кадя",
	"адя",
	"аркадьюшка",
	"кайо",
	"арка"],
	"short_forms": ["аркадио",
	"аркад",
	"аркадиос",
	"аркади"]
},
{
	"first_form": "арман",
	"synonims": ["армандито",
	"мандо",
	"мандито",
	"дино",
	"динетто",
	"нандо",
	"нандино"],
	"short_forms": ["армен",
	"армян",
	"герман",
	"эрманн",
	"армандо",
	"арманд",
	"гартманн",
	"хартманн",
	"ерман"]
},
{
	"first_form": "армен",
	"synonims": ["арменчик",
	"амо",
	"ама",
	"арменчо",
	"арминий",
	"армин",
	"арменак",
	"арм",
	"армэн",
	"армчо",
	"арминий",
	"армениус",
	"армон",
	"менч",
	"менчо"],
	"short_forms": ["армений",
	"арминий",
	"армин",
	"армон",
	"герман"]
},
{
	"first_form": "арсен",
	"synonims": ["арса",
	"арс",
	"арзик"],
	"short_forms": ["арзен",
	"арсений"]
},
{
	"first_form": "арсений",
	"synonims": ["арсен",
	"арсеня",
	"сеня",
	"арсюша",
	"сюша",
	"ася",
	"арсеньюшка",
	"арся",
	"арса",
	"арсюта",
	"арсо",
	"арси"],
	"short_forms": ["арсен",
	"арсенио",
	"арсень",
	"арсси",
	"арсениу",
	"арсение",
	"арзен",
	"арсентий",
	"арсениуш"]
},
{
	"first_form": "арслан",
	"synonims": ["арси",
	"аслан",
	"алан"],
	"short_forms": ["аслан",
	"руслан"]
},
{
	"first_form": "артем",
	"synonims": ["артоша",
	"артемьюшка",
	"артя",
	"артемка",
	"артемчик",
	"тема",
	"артюня",
	"тюня",
	"артюха",
	"артюша",
	"тюша",
	"артеша",
	"артемино"],
	"short_forms": ["артемиос",
	"артамон",
	"артеми",
	"арцём",
	"артемио"]
},
{
	"first_form": "артемий",
	"synonims": ["артоша",
	"артемьюшка",
	"артя",
	"артемка",
	"артемчик",
	"тема",
	"артюня",
	"тюня",
	"артюха",
	"артюша",
	"тюша",
	"артеша",
	"артемино"],
	"short_forms": ["артемиос",
	"артамон",
	"артеми",
	"арцём",
	"артемио",
	"артем"]
},
{
	"first_form": "артур",
	"synonims": ["артурка",
	"артя",
	"атя",
	"артюша",
	"тура",
	"арто",
	"туро",
	"ито",
	"арт"],
	"short_forms": ["артуро",
	"артус",
	"артир"]
},
{
	"first_form": "архип",
	"synonims": ["аря",
	"арик",
	"архипка",
	"архипко",
	"архипчик",
	"архи",
	"архо"],
	"short_forms": ["архипп",
	"архипа",
	"аркиппес",
	"архиппус",
	"аршипп",
	"аркипо",
	"аркиппо"]
},
{
	"first_form": "аскар",
	"synonims": [],
	"short_forms": []
},
{
	"first_form": "асхан",
	"synonims": [],
	"short_forms": []
},
{
	"first_form": "ахмет",
	"synonims": [],
	"short_forms": []
},
{
	"first_form": "ашот",
	"synonims": [],
	"short_forms": []
},
{
	"first_form": "бахрам",
	"synonims": [],
	"short_forms": []
},
{
	"first_form": "блез",
	"synonims": [],
	"short_forms": []
},
{
	"first_form": "богдан",
	"synonims": ["бога",
	"бойда",
	"богдик",
	"богданек",
	"бого",
	"богдася",
	"бото",
	"ботьо",
	"бончо",
	"боньо",
	"бони",
	"боби",
	"бобан",
	"данчо",
	"даньо",
	"данко",
	"дан",
	"даня",
	"дани",
	"дачо",
	"богданко",
	"вогдась"],
	"short_forms": ["багдан"]
},
{
	"first_form": "борис",
	"synonims": ["боря",
	"бориска",
	"боряха",
	"боряша",
	"боба",
	"боб",
	"бобка",
	"борюля",
	"боруля",
	"борюня",
	"борюся",
	"борюха",
	"борюша"],
	"short_forms": ["борыс"]
},
{
	"first_form": "борислав",
	"synonims": ["бориславка",
	"слава",
	"боря",
	"славик",
	"боро",
	"борко",
	"борис",
	"славко",
	"славцьо",
	"славчик"],
	"short_forms": ["божислав",
	"боржислав",
	"борисав"]
},
{
	"first_form": "бронислав",
	"synonims": ["броня",
	"броник",
	"слава",
	"славик"],
	"short_forms": ["бронислав"]
},
{
	"first_form": "булат",
	"synonims": [],
	"short_forms": []
},
{
	"first_form": "вадим",
	"synonims": ["вадик",
	"вадя",
	"вадимка",
	"дима",
	"вадимчик",
	"вадюша",
	"вадимко",
	"вадимонько",
	"вадимочко",
	"вадко",
	"вадько"],
	"short_forms": ["вадзим"]
},
{
	"first_form": "валентин",
	"synonims": ["валя",
	"вэл",
	"вале",
	"вали",
	"валюня",
	"валяха",
	"валик",
	"валюся",
	"валюха",
	"валюша",
	"валечка",
	"вака",
	"валентик",
	"валенто"],
	"short_forms": ["валент",
	"валентайн",
	"валенте",
	"баленти",
	"балентин",
	"балинт",
	"валентий",
	"уолант",
	"волант",
	"валентинос",
	"валендинос"]
},
{
	"first_form": "валерий",
	"synonims": ["валера",
	"лера",
	"валя",
	"вал",
	"валек",
	"валюха",
	"валюша",
	"валечка",
	"леруня",
	"леруся",
	"леруха",
	"леруша",
	"вака",
	"валюня",
	"валюся"],
	"short_forms": ["валериан",
	"валерьян",
	"аверьян",
	"валери",
	"валер",
	"валериус",
	"валерио",
	"валериос"]
},
{
	"first_form": "вальдемар",
	"synonims": [],
	"short_forms": []
},
{
	"first_form": "вардан",
	"synonims": [],
	"short_forms": []
},
{
	"first_form": "василий",
	"synonims": ["вася",
	"василек",
	"васюта",
	"сюта",
	"васеня",
	"васюня",
	"васюра",
	"сюра",
	"васюха",
	"васюша",
	"васильюшка",
	"василька",
	"василько",
	"васяй",
	"вака",
	"васяня",
	"васята",
	"васятка васяха",
	"васяша"],
	"short_forms": ["бэзил",
	"базиль",
	"василь",
	"базилио",
	"паси",
	"базилиус",
	"базилиу",
	"базилио",
	"басилио",
	"басиль",
	"василас",
	"василие"]
},
{
	"first_form": "вениамин",
	"synonims": ["веня",
	"вена",
	"виня",
	"вениаминка",
	"миня",
	"венюля",
	"венуля",
	"венюша",
	"венуша,"],
	"short_forms": ["бениамин",
	"веньямин",
	"виньямин",
	"бенджамин",
	"биньямин",
	"бенжамен",
	"биньомен"]
},
{
	"first_form": "виктор",
	"synonims": ["витя",
	"витяся",
	"витасик",
	"вик",
	"вико",
	"витяха",
	"витяша",
	"витеша",
	"витюля",
	"витюня",
	"витюся",
	"вита",
	"витюха",
	"витюша",
	"виша",
	"вишута",
	"вика",
	"викторка",
	"торя",
	"тора",
	"виктуся"],
	"short_forms": ["викторин",
	"викторино",
	"витторио",
	"витур",
	"вихтор",
	"гуитир",
	"викторас"]
},
{
	"first_form": "вильгельм",
	"synonims": ["виля",
	"вила",
	"вилли",
	"уилл",
	"уилли",
	"вим",
	"гиги",
	"лемо",
	"вилек",
	"виллум",
	"лиам",
	"билл",
	"мемо",
	"вильмошка",
	"вилда",
	"вильо",
	"улик"],
	"short_forms": ["уильям",
	"вильям",
	"вильхельм",
	"гийом",
	"гильермо",
	"вильмош",
	"ильям",
	"виллермо",
	"вилис"]
},
{
	"first_form": "вит",
	"synonims": ["витко",
	"вейт",
	"витиано",
	"витя",
	"витек",
	"витоуш",
	"витоушек",
	"вита"],
	"short_forms": ["виталий",
	"виталиан",
	"витан",
	"витус",
	"вид",
	"витезслав",
	"витенег",
	"витко",
	"витогость",
	"витодраг",
	"витолюб",
	"витомил",
	"витомир",
	"витомысл",
	"виторад",
	"витослав",
	"витчак",
	"витцан"]
},
{
	"first_form": "виталий",
	"synonims": ["витя",
	"виталик",
	"таля",
	"виталя",
	"вита",
	"вит",
	"вито",
	"витек",
	"витас",
	"витал",
	"витали",
	"витилиан",
	"витася",
	"витаха",
	"виташа",
	"витуля",
	"витюля",
	"витюня",
	"витюха",
	"витюша",
	"талий"],
	"short_forms": ["виталис",
	"виталь",
	"видаль",
	"виаль",
	"виталиан",
	"вио",
	"виталиу",
	"виталие"]
},
{
	"first_form": "владимир",
	"synonims": ["володя",
	"вова",
	"вован",
	"вовка",
	"владя",
	"владик",
	"влад",
	"миро",
	"ладя",
	"лада",
	"вадя",
	"влодек",
	"вава",
	"вавуля",
	"вавуся",
	"дима",
	"вовуля",
	"вовуня",
	"вовуся",
	"вовуша",
	"воля",
	"владимирушка"],
	"short_forms": ["володимир",
	"вальдемар",
	"валто",
	"владимирос",
	"владомир",
	"владмир",
	"валдомиру",
	"владимиро",
	"влоджимеж",
	"влодзимеж",
	"велоди"]
},
{
	"first_form": "владислав",
	"synonims": ["владя",
	"владик",
	"влад",
	"владуля",
	"ладя",
	"лада",
	"вадя",
	"слава",
	"славик"],
	"short_forms": ["ладислаус",
	"ласло"]
},
{
	"first_form": "владлен",
	"synonims": ["влад",
	"владя",
	"владик",
	"ладя",
	"вадя",
	"виля",
	"леня",
	"вилен",
	"владленка"],
	"short_forms": ["владилен"]
},
{
	"first_form": "влас",
	"synonims": ["влася"],
	"short_forms": ["блэйз",
	"блез",
	"блазиус",
	"блас",
	"браш",
	"брас",
	"бьяджо",
	"бараж",
	"власий",
	"власиос",
	"блажей",
	"власие",
	"власис",
	"власос"]
},
{
	"first_form": "всеволод",
	"synonims": ["сева",
	"володя",
	"вова",
	"вава",
	"водя",
	"воля",
	"лодя",
	"всеволодушка",
	"всева"],
	"short_forms": ["всеволод"]
},
{
	"first_form": "вячеслав",
	"synonims": ["слава",
	"славик",
	"вячик",
	"вяча",
	"вава",
	"венек",
	"вячко",
	"вацусь"],
	"short_forms": ["вечеслав",
	"вяцлав",
	"венцеслав",
	"венсеслас",
	"венчеслао",
	"венцель",
	"венцеслаус"]
},
{
	"first_form": "гавриил",
	"synonims": ["ганя",
	"габюош",
	"габорка",
	"гаврик",
	"гавря",
	"гаша",
	"гавро",
	"гаврош",
	"гэйб",
	"гэбби",
	"габи",
	"габо",
	"габри",
	"гайя",
	"гане"],
	"short_forms": ["гаврила",
	"габриэль",
	"гавриэль",
	"джабраил",
	"джаба",
	"джибраил",
	"габриэл",
	"габрыла",
	"габор",
	"гаврил",
	"гаврило"]
},
{
	"first_form": "гамлет",
	"synonims": [],
	"short_forms": []
},
{
	"first_form": "гарри",
	"synonims": ["гарик",
	"ари",
	"эрри"],
	"short_forms": ["харри",
	"хэрри",
	"энри",
	"генри",
	"генрих",
	"гарольд"]
},
{
	"first_form": "геннадий",
	"synonims": ["гена",
	"геша",
	"геня",
	"геннаша",
	"генаша",
	"генуля",
	"генюля",
	"генуся",
	"генюся",
	"генуха",
	"генюха",
	"генуша",
	"генюша",
	"гея"],
	"short_forms": ["геннадиус",
	"геннадиос",
	"генадзь"]
},
{
	"first_form": "генри",
	"synonims": [],
	"short_forms": []
},
{
	"first_form": "генрих",
	"synonims": ["гена",
	"геня",
	"гера",
	"гаря",
	"хенке",
	"харри",
	"рике",
	"ари",
	"хэнк",
	"хэл",
	"рик",
	"энрик",
	"рикко",
	"рикки",
	"энри"],
	"short_forms": ["генри",
	"хайнрих",
	"энрике",
	"анри",
	"хендрик",
	"индржих",
	"гарри",
	"харри",
	"хэнри",
	"хенрик",
	"хеннинг",
	"арриго"]
},
{
	"first_form": "георгий",
	"synonims": ["гога",
	"гаря",
	"гарик",
	"гора",
	"горя",
	"жора",
	"жорик",
	"жоржик",
	"гера",
	"геря",
	"геша",
	"гоша",
	"гошуля",
	"гуля",
	"гуня",
	"гошуня",
	"гоги"],
	"short_forms": ["жорж",
	"джордж",
	"георг",
	"хорхе",
	"дьердь",
	"юргер",
	"иржи",
	"ежи",
	"егор",
	"юрий",
	"геворг",
	"геворк",
	"гиви"]
},
{
	"first_form": "герасим",
	"synonims": ["герася",
	"рася",
	"гера",
	"гераня",
	"геша",
	"макис",
	"микес",
	"микис",
	"мемас",
	"гераз",
	"разим",
	"расим"],
	"short_forms": ["герасимос",
	"геразим",
	"джерасим"]
},
{
	"first_form": "герман",
	"synonims": ["герма",
	"геша",
	"гема",
	"гермуся",
	"муся",
	"гера",
	"геруня",
	"геруся",
	"геруха",
	"геруша",
	"гемуля",
	"гермон",
	"джереми"],
	"short_forms": ["германус",
	"жермен",
	"херман",
	"джермано",
	"жерма",
	"германос",
	"гармон",
	"карман",
	"германн"]
},
{
	"first_form": "германн",
	"synonims": ["херм",
	"харм",
	"маннес",
	"манс",
	"хемма",
	"хемми",
	"хеммо",
	"хемппа",
	"хемппо",
	"херкк"],
	"short_forms": ["харменн",
	"хермен",
	"хармен",
	"эрман",
	"хермани"]
},
{
	"first_form": "глеб",
	"synonims": ["глебка",
	"глебушка",
	"глебчик",
	"глебусь"],
	"short_forms": ["глеб"]
},
{
	"first_form": "гордей",
	"synonims": ["гордейка",
	"гордя",
	"гордюня",
	"гордюха",
	"гордюша"],
	"short_forms": ["гордий",
	"гордиан",
	"гардзей",
	"гордиос"]
},
{
	"first_form": "григорий",
	"synonims": ["гриша",
	"гриня",
	"гришаня",
	"гришуня",
	"грег",
	"грегон",
	"гришата",
	"гришоня",
	"гришута",
	"гришуха",
	"гринюха",
	"гринюша",
	"григорьюшка",
	"григоря",
	"грика",
	"горя",
	"гора",
	"грейг"],
	"short_forms": ["григорос",
	"грегори",
	"грегор",
	"грегуар",
	"грегорио",
	"гергей",
	"григор",
	"рейо",
	"григоре",
	"гжесь",
	"гжегож",
	"гергей",
	"рыгор",
	"ржегорж",
	"грегер",
	"грегеш",
	"григар"]
},
{
	"first_form": "густав",
	"synonims": ["густ",
	"густель",
	"густль",
	"густи",
	"густавито",
	"гус",
	"гусито",
	"таво",
	"тавито",
	"гуцьо",
	"густавек",
	"гутек",
	"гуше",
	"кусти",
	"кепи"],
	"short_forms": ["гюстав",
	"густаво",
	"гюстау",
	"густаф",
	"густавус",
	"кустаа",
	"кустави",
	"кюёсти"]
},
{
	"first_form": "давид",
	"synonims": ["давидка",
	"дава",
	"дэв",
	"видя",
	"дай",
	"дави",
	"дэви",
	"дэйви",
	"дай",
	"дэй",
	"давидек",
	"видек",
	"видя",
	"дода",
	"давыдка",
	"додя",
	"додик",
	"дино",
	"динетто"],
	"short_forms": ["давыд",
	"дайви",
	"деви",
	"таавети",
	"давиде",
	"дауд",
	"дэвид",
	"таави",
	"дэйв",
	"дэви",
	"давуд"]
},
{
	"first_form": "давлат",
	"synonims": [],
	"short_forms": []
},
{
	"first_form": "дамир",
	"synonims": ["дамирушка",
	"дамирка",
	"мир"],
	"short_forms": ["далимир",
	"далемир",
	"далимил",
	"тимур",
	"демир",
	"димер",
	"тимер"]
},
{
	"first_form": "дана",
	"synonims": ["дан"],
	"short_forms": ["данило",
	"даниил",
	"данияр",
	"дэна",
	"дан"]
},
{
	"first_form": "даниил",
	"synonims": ["данилка",
	"даниша",
	"даня",
	"данила",
	"данечка",
	"данчик",
	"данюшечка",
	"дэн",
	"данька",
	"дан",
	"данн",
	"данни",
	"данил",
	"данилл",
	"даниила",
	"нил"],
	"short_forms": ["данила",
	"данило",
	"данил",
	"даниэль",
	"даниэл",
	"дэйниол",
	"данияль",
	"даниял",
	"даньял",
	"даниль"]
},
{
	"first_form": "данислав",
	"synonims": ["дани",
	"дан",
	"слава",
	"данчик",
	"даник",
	"даня"],
	"short_forms": ["данслав",
	"дан",
	"дани"]
},
{
	"first_form": "данияр",
	"synonims": ["дан",
	"дани",
	"даня",
	"дана",
	"данир"],
	"short_forms": ["даниар",
	"даниял",
	"дониёр",
	"дониер",
	"динияр"]
},
{
	"first_form": "дарий",
	"synonims": ["даня",
	"даря"],
	"short_forms": ["дариус",
	"дарюс",
	"дариюс",
	"дариуш",
	"дориюш",
	"дареос",
	"дариос",
	"дарейос",
	"дареус",
	"дарио"]
},
{
	"first_form": "даурен",
	"synonims": [],
	"short_forms": []
},
{
	"first_form": "демид",
	"synonims": ["дема"],
	"short_forms": ["диомед",
	"диомид"]
},
{
	"first_form": "демьян",
	"synonims": ["дами",
	"дам",
	"дамек",
	"миан"],
	"short_forms": ["дамиан",
	"дэймон",
	"дэмьен",
	"дамиано",
	"дамианос",
	"дамьен",
	"дамян"]
},
{
	"first_form": "денис",
	"synonims": ["ден",
	"дена",
	"дэни",
	"дениска",
	"деня",
	"денуся",
	"дуся",
	"деша",
	"диу",
	"диди",
	"ничо",
	"дион"],
	"short_forms": ["дионисос",
	"дэнис",
	"дени",
	"дионисио",
	"даниз",
	"денеш",
	"дионис",
	"дионисий",
	"дайнис"]
},
{
	"first_form": "джамал",
	"synonims": [],
	"short_forms": []
},
{
	"first_form": "джан",
	"synonims": [],
	"short_forms": []
},
{
	"first_form": "джеймс",
	"synonims": [],
	"short_forms": []
},
{
	"first_form": "джереми (иеремия)",
	"synonims": ["джери",
	"джерри",
	"джей",
	"йери",
	"ярема",
	"ерема",
	"ери"],
	"short_forms": ["иеремия",
	"иеремий",
	"еремей",
	"жереми",
	"йеремиас",
	"херемиас",
	"еремиаш",
	"еремиас"]
},
{
	"first_form": "джозеф",
	"synonims": ["джо",
	"джоджо",
	"юпп",
	"йозель",
	"жо",
	"хосеито",
	"пеппе",
	"йожа",
	"йоша"],
	"short_forms": ["иосиф",
	"хосе",
	"жозе",
	"йозеф",
	"жозеф",
	"джузеппе",
	"юсеф",
	"йожеф",
	"юзеф"]
},
{
	"first_form": "джонатан",
	"synonims": ["джо",
	"джон",
	"джонни",
	"джонти",
	"йон",
	"натан",
	"йони",
	"йо",
	"йойо",
	"жо",
	"жожо",
	"натас"],
	"short_forms": ["жонатан",
	"йонатан",
	"юнатан",
	"хонатан",
	"ионатан",
	"ионафан"]
},
{
	"first_form": "дик",
	"synonims": [],
	"short_forms": []
},
{
	"first_form": "динар",
	"synonims": ["дин"],
	"short_forms": ["динар"]
},
{
	"first_form": "дино",
	"synonims": [],
	"short_forms": []
},
{
	"first_form": "дмитрий",
	"synonims": ["дима",
	"димуля",
	"димуся",
	"митя",
	"деми",
	"деде",
	"деме",
	"миха",
	"димшо",
	"митяй",
	"митюха",
	"митюша",
	"митяха",
	"митяша",
	"митрюха",
	"митрюша",
	"димаха",
	"димуха",
	"димуша",
	"митюля",
	"митюня"],
	"short_forms": ["димитрий",
	"димитриос",
	"деметриус",
	"деметрио",
	"деметри",
	"деметр",
	"дмитро"]
},
{
	"first_form": "добрыня",
	"synonims": [],
	"short_forms": []
},
{
	"first_form": "доминик",
	"synonims": ["дом",
	"ник",
	"дома",
	"доми",
	"доме",
	"томи",
	"минго",
	"домош",
	"докуш",
	"домек",
	"до",
	"миникус"],
	"short_forms": ["доменик",
	"доминико",
	"доминикус",
	"доминго",
	"домокош",
	"домонкош",
	"домингуш",
	"домени",
	"дамяник"]
},
{
	"first_form": "евгений",
	"synonims": ["женя",
	"женька",
	"женечка",
	"жека",
	"еня",
	"гена женюра",
	"женюша",
	"жеша",
	"евгеха",
	"евгеша",
	"геша",
	"енюта",
	"енюха",
	"енюша",
	"еняша",
	"евгеньюшка",
	"евгеня",
	"геня"],
	"short_forms": ["эугениос",
	"юджин",
	"ойген",
	"эжен",
	"эухенио",
	"эужени",
	"эуген",
	"оуэн",
	"ивайн"]
},
{
	"first_form": "евдоким",
	"synonims": ["евдокимка",
	"ким",
	"кима",
	"евдокуша",
	"евдя",
	"евда",
	"евдоха",
	"дочко"],
	"short_forms": ["авдоким",
	"овдоким",
	"эвдокимос",
	"явдоким"]
},
{
	"first_form": "евсей",
	"synonims": ["еся",
	"сева",
	"евсейка",
	"евся",
	"евсюта"],
	"short_forms": ["евсевий",
	"авсей",
	"овсей",
	"евсий",
	"ивсей",
	"эузебио",
	"эусебио",
	"эзеб"]
},
{
	"first_form": "евстахий",
	"synonims": ["евстах",
	"евстаха",
	"евсташа",
	"сташа",
	"евстаф",
	"стафа",
	"евстя",
	"еся",
	"евстюня",
	"евстюха",
	"евстюша",
	"евстафейка",
	"статис"],
	"short_forms": ["евстафий",
	"остап",
	"юстас",
	"эсташ",
	"эустакио",
	"эстате",
	"тато"]
},
{
	"first_form": "егор",
	"synonims": ["егорка",
	"гора",
	"горя",
	"жора",
	"егоня",
	"егоша",
	"гоша",
	"гошуня",
	"егуня",
	"гуня",
	"гога"],
	"short_forms": ["егорий",
	"георгий",
	"юрий"]
},
{
	"first_form": "елисей",
	"synonims": ["елеся",
	"елисейка",
	"еля",
	"леся",
	"лисейка",
	"элисеито",
	"чейо",
	"сезеу",
	"лизеу",
	"сейо",
	"сейко"],
	"short_forms": ["элиша",
	"илайша",
	"элисиас",
	"элисео",
	"элизеу",
	"элизей",
	"улисс",
	"улисес",
	"улиссеш",
	"улиссес"]
},
{
	"first_form": "емельян",
	"synonims": ["емельянка",
	"емельяша",
	"емеля",
	"ема",
	"емя",
	"меля",
	"мелеха",
	"мелеша"],
	"short_forms": ["емилиан",
	"омельян",
	"эмиль",
	"эмилий",
	"эмильен",
	"эмилиано",
	"эмилио",
	"эмилиану",
	"эмилиан"]
},
{
	"first_form": "еремей",
	"synonims": ["еремейка",
	"ерема",
	"еремушка",
	"еря",
	"ема"],
	"short_forms": ["иеремия",
	"иеремий",
	"ероним",
	"еремей",
	"еремия",
	"ярема",
	"джереми",
	"йеремиас"]
},
{
	"first_form": "ефим",
	"synonims": ["ефимка",
	"фима",
	"фимуля",
	"фиша",
	"фемио",
	"тимо"],
	"short_forms": ["евфимий",
	"эуфемиос",
	"евтимий",
	"евтим",
	"юхим",
	"уфим"]
},
{
	"first_form": "ефрем",
	"synonims": ["ефремка",
	"рема",
	"ефто",
	"евто",
	"еша"],
	"short_forms": ["эфраим",
	"ифреим",
	"ифрем",
	"эфрен",
	"эфрем",
	"ефремий",
	"ефраим"]
},
{
	"first_form": "ждан",
	"synonims": ["даня",
	"жданек",
	"жданоушек"],
	"short_forms": ["ждан"]
},
{
	"first_form": "жерар",
	"synonims": ["жера",
	"жеже",
	"жерардинью",
	"герд",
	"герт",
	"геро",
	"кай",
	"дино",
	"динетто",
	"геруш",
	"герущ",
	"герусь",
	"герардек"],
	"short_forms": ["герард",
	"герхард",
	"джерард",
	"херардо",
	"джерардо",
	"герардо",
	"гергард",
	"герардус",
	"герхардус"]
},
{
	"first_form": "жигер",
	"synonims": [],
	"short_forms": []
},
{
	"first_form": "закир",
	"synonims": [],
	"short_forms": []
},
{
	"first_form": "заур",
	"synonims": [],
	"short_forms": []
},
{
	"first_form": "захар",
	"synonims": ["захарка",
	"зэк",
	"цахес",
	"зака",
	"закис",
	"зарко",
	"заре",
	"зара",
	"зак"],
	"short_forms": ["захария",
	"захарий",
	"зэкери",
	"цахариас",
	"дзаккария",
	"закария",
	"закарий",
	"закир"]
},
{
	"first_form": "зенон",
	"synonims": ["зеня",
	"зена",
	"зено",
	"зен",
	"зенек",
	"зеньо",
	"зенущ"],
	"short_forms": ["зинон",
	"дзено",
	"зено",
	"цено",
	"дзеноне",
	"зен"]
},
{
	"first_form": "зигмунд",
	"synonims": ["зиги",
	"зик",
	"зики",
	"зикоушек",
	"зикмундек",
	"жизмон",
	"жига",
	"жиго",
	"жигуца"],
	"short_forms": ["сигизмунд",
	"сигмун",
	"сигмунд",
	"сижизмон",
	"симунд",
	"сехисмундо",
	"сиджизмондо",
	"сигмюндюр",
	"жигмонд",
	"зыгмунд"]
},
{
	"first_form": "зиновий",
	"synonims": ["зина",
	"зиня",
	"зинаха",
	"зинаша",
	"зинуха",
	"зинуша",
	"зинуля",
	"зинуся",
	"зена",
	"зеня",
	"зяма"],
	"short_forms": ["зенобиу",
	"сенобио",
	"зенобиос",
	"зиновиос",
	"дзенобио",
	"дзенеби",
	"дзеноби",
	"зеноби",
	"зеновис",
	"зенобиуш"]
},
{
	"first_form": "зураб",
	"synonims": [],
	"short_forms": []
},
{
	"first_form": "зуфар",
	"synonims": [],
	"short_forms": []
},
{
	"first_form": "ибрагим",
	"synonims": ["ибрагимушка",
	"абра"],
	"short_forms": ["ибрахим",
	"абрахам",
	"ибраим"]
},
{
	"first_form": "иван",
	"synonims": ["ваня",
	"ванюха",
	"ванюша",
	"ванюшка",
	"иванко",
	"ванюра",
	"ванюся",
	"ванюта",
	"ванютка",
	"ванята",
	"ванятка",
	"иваня",
	"иванюха",
	"иванюша",
	"ивася",
	"ивасик",
	"иваха",
	"иваша",
	"иша",
	"ишу"],
	"short_forms": ["иоанн",
	"джон",
	"джек",
	"шон",
	"ойн",
	"иан",
	"иоганн",
	"хуан",
	"джованни",
	"жан",
	"жуан",
	"янош",
	"ян",
	"янис",
	"йован",
	"йоханнес",
	"юхан",
	"яхья",
	"эван",
	"айван"]
},
{
	"first_form": "игнат",
	"synonims": ["игнатка",
	"игнаха",
	"игнаша",
	"игоня",
	"игоша"],
	"short_forms": ["гнат",
	"игнатий"]
},
{
	"first_form": "игнатий",
	"synonims": ["игги",
	"игнасито",
	"натц",
	"наци",
	"нана",
	"игна",
	"иго",
	"нацек",
	"гато",
	"гацо"],
	"short_forms": ["игнат",
	"игнас",
	"игнасио",
	"игнац",
	"игнациус",
	"игнаций",
	"игнацио",
	"иньяцио",
	"инасио",
	"игнэйшес",
	"игнасиус"]
},
{
	"first_form": "игорь",
	"synonims": ["игорек",
	"гарик",
	"игоряша",
	"игорюха",
	"игорюша",
	"горя",
	"гора",
	"игоша",
	"гоша",
	"гога",
	"готя",
	"игуля",
	"гуля",
	"игуся",
	"гуся",
	"ира",
	"игорька",
	"игорка"],
	"short_forms": ["игор",
	"ингар",
	"ингвар"]
},
{
	"first_form": "иероним (джером)",
	"synonims": ["ероня",
	"нима",
	"джери",
	"джерри",
	"джей",
	"чомо",
	"жеже",
	"йерон",
	"рон"],
	"short_forms": ["ерон",
	"ероним",
	"джером",
	"иеронимус",
	"жером",
	"херонимо",
	"джеронимо"]
},
{
	"first_form": "иисус",
	"synonims": [],
	"short_forms": []
},
{
	"first_form": "ильгиз",
	"synonims": ["ил",
	"иля",
	"ильга"],
	"short_forms": ["ильгис",
	"илгиз",
	"илгис",
	"эльгиз",
	"эльгис",
	"элгис",
	"ильгизар",
	"эльгизар",
	"илгизар"]
},
{
	"first_form": "ильнур",
	"synonims": [],
	"short_forms": []
},
{
	"first_form": "ильшат",
	"synonims": ["иля"],
	"short_forms": ["эльшад",
	"эльшат",
	"ильшад"]
},
{
	"first_form": "илья",
	"synonims": ["илюха",
	"илюша",
	"илюся",
	"люся",
	"илюня",
	"люня",
	"люля",
	"ильюха",
	"ильюша",
	"иля",
	"иляха",
	"лайдж",
	"лайс",
	"элиот",
	"эли",
	"лиас",
	"иле",
	"лиаш"],
	"short_forms": ["илия",
	"ильяс",
	"элиас",
	"эли",
	"элиа",
	"элия",
	"иллеш",
	"элайджа",
	"илайджа",
	"элайас",
	"эллис",
	"элиаш",
	"илие"]
},
{
	"first_form": "имран",
	"synonims": [],
	"short_forms": []
},
{
	"first_form": "иннокентий",
	"synonims": ["ина",
	"иня",
	"кеша",
	"инюша",
	"кеня",
	"кена",
	"кеха",
	"иннокентьюшка",
	"инек",
	"ченчо"],
	"short_forms": ["иносенсио",
	"иносенте",
	"инце",
	"инакент",
	"инноценц",
	"инноценс",
	"инносенсиу"]
},
{
	"first_form": "ираклий",
	"synonims": ["иракля",
	"ракля",
	"ира"],
	"short_forms": ["ираклид",
	"эркюль",
	"геракл",
	"ираклис",
	"геркулес",
	"херкулес",
	"ираклие",
	"эраклио"]
},
{
	"first_form": "исаак",
	"synonims": ["изя",
	"ися",
	"айк",
	"зэк",
	"исаакито",
	"исакито",
	"ижо",
	"изик",
	"ицик",
	"изачек",
	"иссе",
	"иикка",
	"иско",
	"сакки"],
	"short_forms": ["ицхак",
	"иицхак",
	"исаакий",
	"исакий",
	"исак",
	"айзек",
	"изаак",
	"ижак",
	"исак",
	"иисакки",
	"исхак",
	"изак"]
},
{
	"first_form": "исаакий",
	"synonims": ["иса"],
	"short_forms": ["исаак",
	"исак",
	"айзек",
	"ицхак"]
},
{
	"first_form": "исидор",
	"synonims": ["иззи",
	"ися",
	"иса",
	"изек",
	"дору",
	"дора",
	"исо"],
	"short_forms": ["изидор",
	"сидор",
	"исидоро",
	"исидро",
	"исидорос"]
},
{
	"first_form": "искандер",
	"synonims": [],
	"short_forms": []
},
{
	"first_form": "ислам",
	"synonims": ["слам"],
	"short_forms": ["ислям",
	"ислом",
	"ислай",
	"ислакай",
	"слам",
	"исламбек",
	"исламгул",
	"исламей",
	"шагирислам",
	"нурислам"]
},
{
	"first_form": "исмаил",
	"synonims": ["измаилка",
	"маля"],
	"short_forms": ["измаил",
	"исмаэль",
	"ишмиэль",
	"ишмо"]
},
{
	"first_form": "итан",
	"synonims": [],
	"short_forms": []
},
{
	"first_form": "казбек",
	"synonims": ["кази"],
	"short_forms": ["кази"]
},
{
	"first_form": "камиль",
	"synonims": ["ками",
	"мило",
	"лило",
	"ка",
	"каля",
	"камилек",
	"камек",
	"мил"],
	"short_forms": ["камило",
	"камилу",
	"камил",
	"камилло",
	"камиллус",
	"камилл",
	"камал",
	"кемаль",
	"камаль"]
},
{
	"first_form": "карен",
	"synonims": [],
	"short_forms": []
},
{
	"first_form": "карим",
	"synonims": [],
	"short_forms": []
},
{
	"first_form": "карл",
	"synonims": ["карлушка",
	"карлуша",
	"карлуня",
	"чак",
	"чарли",
	"калли",
	"карли",
	"литуш",
	"карлан",
	"карлетто",
	"карлино",
	"кари",
	"карчи",
	"карусь",
	"карук"],
	"short_forms": ["карлос",
	"карлуш",
	"карлус",
	"карло",
	"карол",
	"карой",
	"каролос",
	"кароль",
	"карел",
	"чарльз",
	"чарлз",
	"шарль",
	"шерлас",
	"каролус"]
},
{
	"first_form": "ким",
	"synonims": ["акимка",
	"акимушка",
	"кима",
	"якимка"],
	"short_forms": ["аким",
	"яким",
	"еким",
	"иоаким",
	"джоаким",
	"йоаким"]
},
{
	"first_form": "кир",
	"synonims": [],
	"short_forms": []
},
{
	"first_form": "кирилл",
	"synonims": ["кирилка",
	"киря",
	"кир",
	"кира",
	"кирюха",
	"кируха",
	"кирюша",
	"киро",
	"цирек",
	"сай",
	"кирюня",
	"кируня",
	"кируся",
	"киряха",
	"киряша",
	"кирька",
	"кирка"],
	"short_forms": ["сирил",
	"сириль",
	"сирило",
	"чирилло",
	"цириль",
	"кирел"]
},
{
	"first_form": "клаус",
	"synonims": [],
	"short_forms": []
},
{
	"first_form": "клим",
	"synonims": ["климка",
	"климаша",
	"климуха",
	"клем",
	"клеми",
	"менте",
	"клементино",
	"ментино",
	"клеме",
	"климек",
	"клема",
	"клемоуш",
	"мейнс",
	"менс",
	"климко",
	"климонько",
	"климочко",
	"климусь",
	"климцьо"],
	"short_forms": ["климент",
	"клемент",
	"климентий",
	"клеменс",
	"клеман",
	"клементе",
	"клементи",
	"клемент",
	"келемен"]
},
{
	"first_form": "конрад",
	"synonims": ["курт",
	"курти",
	"кунц",
	"конни",
	"куно",
	"коррадино",
	"дино",
	"динетто",
	"кон",
	"конек",
	"радек",
	"курре"],
	"short_forms": ["коррадо",
	"кульрад",
	"курт",
	"конрадо"]
},
{
	"first_form": "константин",
	"synonims": ["костя",
	"коста",
	"константинка",
	"кося",
	"котя",
	"костюха",
	"костюша",
	"костюня",
	"костяха",
	"костяша",
	"коташа",
	"кока",
	"костюра",
	"костяня",
	"кон",
	"тино"],
	"short_forms": ["констант",
	"костантино",
	"костадин",
	"конседин",
	"койшем",
	"кистеннин",
	"константинос",
	"констандинос"]
},
{
	"first_form": "корнелий",
	"synonims": ["корнилка",
	"корнюха",
	"корнюша",
	"корнейка",
	"корри",
	"корни",
	"кон",
	"конни",
	"нелио",
	"корнек",
	"кора",
	"корнусь",
	"корнелек",
	"кок",
	"корс",
	"нелеш",
	"кик"],
	"short_forms": ["корнилий",
	"корнелиус",
	"корней",
	"корнель",
	"корнелио",
	"корнелиу",
	"корнил",
	"корнели",
	"корнелиуш"]
},
{
	"first_form": "кристиан",
	"synonims": ["крис",
	"кристи",
	"кит",
	"кристель",
	"карсте",
	"кристя",
	"крестел",
	"кристек",
	"христо",
	"хичо",
	"корс",
	"крес",
	"криссе",
	"кристо",
	"ристо"],
	"short_forms": ["христиан",
	"кристен",
	"кристьян",
	"картсен",
	"керстан",
	"кретьен",
	"кристиану",
	"кристиано",
	"керестей",
	"керестеш",
	"кристиян",
	"кристейн",
	"крестиан",
	"кристель",
	"кастен"]
},
{
	"first_form": "кузьма",
	"synonims": ["кузя",
	"кузюта",
	"кузяха",
	"кузяша",
	"косек",
	"космик",
	"косек",
	"космасек",
	"космаке",
	"кузь",
	"кузько",
	"кузема",
	"куземка",
	"куземочка",
	"кузьмичок",
	"кузьмина"],
	"short_forms": ["косма",
	"косьма",
	"козьма",
	"козмо",
	"коузмо",
	"космас",
	"ком",
	"косме",
	"козимо",
	"кузо",
	"кузма",
	"кузман",
	"куисма"]
},
{
	"first_form": "лаврентий",
	"synonims": ["лавр",
	"лавра",
	"ларри",
	"лори",
	"ленц",
	"лорен",
	"ленс",
	"лаус",
	"лау",
	"лассе",
	"лас",
	"лаш",
	"ласси"],
	"short_forms": ["лоуренс",
	"лоренс",
	"лорен",
	"лорин",
	"лоренц",
	"лауренц",
	"лауренциус",
	"ларс",
	"лоран",
	"лорантен",
	"лоренсо",
	"лоренцо",
	"вавжинец",
	"вавржинец",
	"ларс",
	"лаури"]
},
{
	"first_form": "лев",
	"synonims": ["лева",
	"левушка",
	"левуня",
	"левуся",
	"леня",
	"леся",
	"лека",
	"леонетто",
	"левко",
	"левонько",
	"левочко",
	"левусь",
	"левцьо",
	"левчик",
	"льоня",
	"леонек",
	"люлик"],
	"short_forms": ["лео",
	"леон",
	"лио",
	"лион",
	"льон",
	"левон",
	"левко",
	"лав",
	"лейс"]
},
{
	"first_form": "ленар",
	"synonims": [],
	"short_forms": []
},
{
	"first_form": "леон",
	"synonims": ["лео",
	"леонито",
	"нело",
	"леонетто",
	"лилло"],
	"short_forms": ["лев",
	"лио",
	"лео",
	"лав",
	"лион",
	"лайонел",
	"лионель",
	"леонель",
	"лионело",
	"леонело",
	"лионелло"]
},
{
	"first_form": "леонард",
	"synonims": ["лео",
	"леон",
	"лен",
	"ленни",
	"леня",
	"леонардито",
	"нардо",
	"нардито",
	"найо",
	"леозинью",
	"нарду",
	"леку",
	"дино",
	"динетто",
	"нардино",
	"нардуччо"],
	"short_forms": ["леонхард",
	"леонар",
	"леонардо",
	"ленард",
	"леннарт",
	"леннар",
	"леннерт",
	"лендерт",
	"ленхарт"]
},
{
	"first_form": "леонид",
	"synonims": ["леня",
	"леня",
	"ленюся",
	"леся",
	"леся",
	"лека",
	"леха",
	"леша",
	"леонидка",
	"леоня",
	"ледя",
	"лео",
	"леон"],
	"short_forms": ["ленид",
	"нелид",
	"леонидас"]
},
{
	"first_form": "леопольд",
	"synonims": ["лео",
	"польди",
	"поло",
	"леопольдино",
	"дино",
	"динетто",
	"польдо",
	"польдино",
	"лили",
	"липотка",
	"польдек",
	"польдусь",
	"польдзьо",
	"лей",
	"полда",
	"полдик",
	"леополдек",
	"леошек",
	"леош",
	"ошка"],
	"short_forms": ["леопольдо",
	"люитпольд",
	"леополду",
	"липот",
	"леополдус",
	"леополд"]
},
{
	"first_form": "лоренс",
	"synonims": ["ларри",
	"лори",
	"лоури",
	"ларкин",
	"ренц",
	"ларси",
	"ласс",
	"лассе",
	"ласси"],
	"short_forms": ["лоуренс",
	"лоренцо",
	"лаврентий",
	"лорен",
	"лоран",
	"лаури",
	"ларс",
	"лоуренсу",
	"лоренсо",
	"лаурис",
	"лаш. лаврас",
	"лаврен"]
},
{
	"first_form": "лука",
	"synonims": ["луканя",
	"луконя",
	"луня",
	"лукаря",
	"лукася",
	"лукаша",
	"лукаха"],
	"short_forms": ["люк",
	"люкас",
	"лукас",
	"люка",
	"лукаш",
	"лукес"]
},
{
	"first_form": "лукиллиан",
	"synonims": ["лу",
	"лулу",
	"лусинью"],
	"short_forms": ["люциллиан",
	"люсильен"]
},
{
	"first_form": "лукьян",
	"synonims": ["лю",
	"лукьянка",
	"луканя",
	"луконя",
	"луканка",
	"лукаша",
	"лутоня",
	"лутоха",
	"лутоша",
	"чано",
	"чанито",
	"люцек",
	"люцысь",
	"лютек",
	"люцьо",
	"люцианек",
	"люцьянек",
	"люцусь"],
	"short_forms": ["лукиан",
	"люсьен",
	"лусиано",
	"лусиану",
	"лучан",
	"лукианос",
	"луциан"]
},
{
	"first_form": "любомир",
	"synonims": ["любек",
	"любомирек",
	"мирек",
	"люба",
	"любош",
	"любомирек",
	"люборек",
	"борек",
	"бора",
	"любо",
	"люпко"],
	"short_forms": ["любор",
	"любомеж"]
},
{
	"first_form": "людвиг",
	"synonims": ["лютц",
	"вигге",
	"людва"],
	"short_forms": ["людовик",
	"луи",
	"луис",
	"льюис",
	"луиджи",
	"людвик"]
},
{
	"first_form": "людовик",
	"synonims": ["лу",
	"луизон",
	"луиджино",
	"лью",
	"луи",
	"луис",
	"лоик",
	"лодди",
	"луд"],
	"short_forms": ["людвиг",
	"луи",
	"луис",
	"льюис",
	"луиджи",
	"людвик",
	"луайс"]
},
{
	"first_form": "люций",
	"synonims": ["луканя",
	"лукаша",
	"луцек",
	"люцек",
	"люцысь",
	"лютек",
	"лучетто",
	"лючетто",
	"лучи",
	"лючи",
	"лу"],
	"short_forms": ["лукий",
	"люшес",
	"люсиас",
	"люциус",
	"люс",
	"лусио",
	"лусиу"]
},
{
	"first_form": "маджид",
	"synonims": [],
	"short_forms": []
},
{
	"first_form": "майкл",
	"synonims": ["майк",
	"майки",
	"мика",
	"мик",
	"микки",
	"кел",
	"микели"],
	"short_forms": ["мишель",
	"михаэль",
	"мигель",
	"мигел",
	"микеле",
	"михай",
	"михайло",
	"михал",
	"микаэль",
	"микаил"]
},
{
	"first_form": "макар",
	"synonims": ["макаша",
	"мака",
	"мара",
	"макарка",
	"макарша",
	"макарушка",
	"макарко",
	"макаронько",
	"макарочко",
	"макарик",
	"макарчик",
	"макарцьо"],
	"short_forms": ["макарий",
	"макарей",
	"макер",
	"макарио",
	"макариу",
	"макареос",
	"макарис",
	"макарас",
	"макари",
	"макары",
	"менкаж",
	"макарие",
	"макаре"]
},
{
	"first_form": "макарий",
	"synonims": ["макаша",
	"мака",
	"мара",
	"макарка",
	"макарша",
	"макарушка",
	"макарко",
	"макаронько",
	"макарочко",
	"макарик",
	"макарчик",
	"макарцьо"],
	"short_forms": ["макар",
	"макарей",
	"макариос",
	"макарио",
	"макариу",
	"макареос"]
},
{
	"first_form": "максим",
	"synonims": ["макс",
	"максимка",
	"максик",
	"макся",
	"максюта",
	"максюша",
	"мака",
	"сима",
	"макси",
	"максо"],
	"short_forms": ["максимус",
	"максимо",
	"максен",
	"максимиан",
	"массимо",
	"максимос"]
},
{
	"first_form": "максимилиан",
	"synonims": ["максим",
	"макс",
	"максик",
	"макся",
	"максюта",
	"максюша",
	"мака",
	"сима",
	"максимильянка"],
	"short_forms": ["максимилиано",
	"максимильян"]
},
{
	"first_form": "максуд",
	"synonims": [],
	"short_forms": []
},
{
	"first_form": "мансур",
	"synonims": [],
	"short_forms": []
},
{
	"first_form": "мар",
	"synonims": [],
	"short_forms": []
},
{
	"first_form": "марат",
	"synonims": ["маратушка",
	"марик",
	"маратик",
	"марио",
	"мар"],
	"short_forms": ["марат"]
},
{
	"first_form": "марк",
	"synonims": ["маркуша",
	"маркуся",
	"мася",
	"мара",
	"мар",
	"мака",
	"маркус",
	"маркуха",
	"мартуся",
	"туся",
	"маричек",
	"марик",
	"марки",
	"марко",
	"марчик",
	"марчо"],
	"short_forms": ["марко",
	"маркус",
	"маркос",
	"марку",
	"маркуш",
	"марек",
	"маркс"]
},
{
	"first_form": "марсель",
	"synonims": ["марселька",
	"марселюшка",
	"марс",
	"марся",
	"селя",
	"маци",
	"масси",
	"сейо",
	"селу",
	"мар",
	"марцек",
	"марек",
	"мацек",
	"сел"],
	"short_forms": ["маркелл",
	"маркел",
	"марчел",
	"марцел",
	"марцелл",
	"марцеллус",
	"марцель",
	"марсо",
	"марсиль",
	"марсело",
	"марселу",
	"марчелло",
	"маркеллос",
	"марцэль",
	"маршил",
	"марсел"]
},
{
	"first_form": "мартин (мартын)",
	"synonims": ["мартиня",
	"мартя",
	"мартиша",
	"мартюня",
	"мартюха",
	"мартюша",
	"маря",
	"мартынка",
	"мартышка",
	"мар",
	"тин",
	"мартининью"],
	"short_forms": ["мартын",
	"мартимьян",
	"мартемьян",
	"мартьян",
	"мартен",
	"мартину",
	"мартон",
	"марцин",
	"марчин",
	"мартти",
	"мартинус",
	"марти"]
},
{
	"first_form": "матвей",
	"synonims": ["матвейка",
	"матя",
	"матюха",
	"матюша",
	"матяха",
	"матяша",
	"мотя",
	"матюха"],
	"short_forms": ["матфей",
	"матфий",
	"мэтью",
	"маттиас",
	"матиас",
	"матье",
	"матеуш",
	"мато",
	"миан",
	"матиа",
	"маттеос",
	"матевос",
	"матоуш",
	"маттеус",
	"матас"]
},
{
	"first_form": "махмуд",
	"synonims": [],
	"short_forms": []
},
{
	"first_form": "мика",
	"synonims": ["микки"],
	"short_forms": ["михаил",
	"майкл",
	"михаэль",
	"мигель",
	"микеле",
	"михал",
	"микка"]
},
{
	"first_form": "микула",
	"synonims": ["мика"],
	"short_forms": ["микола",
	"никола",
	"николай",
	"микулаш",
	"мыкола",
	"микули"]
},
{
	"first_form": "милослав",
	"synonims": ["слава",
	"мил",
	"мило",
	"милош",
	"славко",
	"славцьо",
	"милек",
	"славик",
	"славчик",
	"милко",
	"милославек",
	"мила",
	"милечек",
	"мильо",
	"слав",
	"слави",
	"славчо",
	"милько",
	"миле"],
	"short_forms": ["милеслав",
	"милосав",
	"миослав",
	"милислав",
	"милисав"]
},
{
	"first_form": "мирон",
	"synonims": ["миронка",
	"мироха",
	"мироша",
	"моша",
	"моня",
	"роня"],
	"short_forms": ["мюрон",
	"миран"]
},
{
	"first_form": "мирослав",
	"synonims": ["мирик",
	"мирек",
	"мира",
	"слава",
	"мирко",
	"мирка",
	"мирося"],
	"short_forms": ["мирослав"]
},
{
	"first_form": "михаил",
	"synonims": ["миша",
	"мишаня",
	"мишуня",
	"мишута",
	"мишутка",
	"михася",
	"ася",
	"михаля",
	"мики",
	"миханя",
	"миня",
	"миняша",
	"минюша",
	"мика",
	"михаилушка",
	"миха",
	"михайлушка",
	"мишара",
	"мишата",
	"мишуля"],
	"short_forms": ["майкл",
	"михаэль",
	"мигел",
	"микеле",
	"михай",
	"михал",
	"мишель",
	"микаэль",
	"михейл",
	"микеланджело",
	"микаль",
	"микаил",
	"митчелл",
	"митчел"]
},
{
	"first_form": "моисей",
	"synonims": ["мо",
	"моша",
	"мози",
	"мос",
	"моссе"],
	"short_forms": ["мойше",
	"моше",
	"мейше",
	"мовша",
	"миши",
	"мауше",
	"муса",
	"мовсес",
	"моиз",
	"моузес",
	"мозес",
	"мойсес",
	"мойзеш",
	"мойсе",
	"майсей",
	"мойжиш",
	"моусес",
	"мусий",
	"мойсей",
	"мосей"]
},
{
	"first_form": "мстислав",
	"synonims": ["мстята",
	"мстиша",
	"мстишенька",
	"стива",
	"мстиславчик",
	"слава",
	"славик"],
	"short_forms": ["мсьцислав"]
},
{
	"first_form": "мурат",
	"synonims": [],
	"short_forms": []
},
{
	"first_form": "муслим",
	"synonims": [],
	"short_forms": []
},
{
	"first_form": "мухаммед",
	"synonims": [],
	"short_forms": []
},
{
	"first_form": "мэтью",
	"synonims": ["мэт",
	"мэтт",
	"мэтти",
	"матис",
	"тео",
	"теуш",
	"теос",
	"матя",
	"матти",
	"матс",
	"матте",
	"мао"],
	"short_forms": ["матвей",
	"маттиас",
	"матье",
	"матьё",
	"матеуш",
	"маттеус",
	"мадзео",
	"маттео",
	"мацео"]
},
{
	"first_form": "назар",
	"synonims": ["назарка",
	"зара",
	"заря",
	"зора",
	"зоря",
	"надзарино"],
	"short_forms": ["назарий",
	"назер",
	"насер",
	"насарио",
	"надзарио",
	"назари",
	"назариос"]
},
{
	"first_form": "наиль",
	"synonims": [],
	"short_forms": []
},
{
	"first_form": "нариман",
	"synonims": ["нари"],
	"short_forms": ["нарыш",
	"наруш",
	"нарик",
	"нарык",
	"нари"]
},
{
	"first_form": "нестор",
	"synonims": ["неся",
	"несторка",
	"несторино",
	"несторуччо",
	"тито",
	"нестек",
	"нестусь",
	"неша",
	"нешко"],
	"short_forms": ["нештор",
	"несторе",
	"нестур",
	"несторас",
	"нестар",
	"нестори"]
},
{
	"first_form": "никита",
	"synonims": ["никитка",
	"ника",
	"никиха",
	"никуша",
	"никеня",
	"кеня",
	"никеша",
	"кеша",
	"кита",
	"микитка",
	"никиша",
	"никуся",
	"ники",
	"нико"],
	"short_forms": ["микита",
	"никитас"]
},
{
	"first_form": "никодим",
	"synonims": ["никодимка",
	"ника",
	"никаха",
	"никаша",
	"никуся",
	"никуша",
	"дима",
	"димаха",
	"димаша",
	"димуся",
	"димуха",
	"димуша",
	"кодя",
	"кодяша",
	"нико",
	"нильс"],
	"short_forms": ["никодем",
	"никодимос",
	"теэму"]
},
{
	"first_form": "никола",
	"synonims": ["ника",
	"кола"],
	"short_forms": ["микола",
	"миклош",
	"микулаш",
	"николай",
	"микула"]
},
{
	"first_form": "николай",
	"synonims": ["коля",
	"николаша",
	"николя",
	"колюня",
	"колюся",
	"колюха",
	"колюша",
	"коляня",
	"колян",
	"коляха",
	"коляша",
	"кока",
	"николайка",
	"николаха",
	"ника",
	"никуся",
	"никуша",
	"николка",
	"клаус",
	"клас"],
	"short_forms": ["никола",
	"микола",
	"николас",
	"николя",
	"николау",
	"миклош",
	"никлас",
	"никогос",
	"никос"]
},
{
	"first_form": "нильс",
	"synonims": [],
	"short_forms": []
},
{
	"first_form": "огюст",
	"synonims": ["густ",
	"густи",
	"гас",
	"густо",
	"агге"],
	"short_forms": ["август",
	"аугуст",
	"огаст",
	"огастес",
	"аугусту",
	"аугустус"]
},
{
	"first_form": "олег",
	"synonims": ["олежка",
	"олежик",
	"олегушка",
	"олеся",
	"леся",
	"оля",
	"олюся",
	"лега",
	"лека",
	"леша",
	"аля",
	"алик"],
	"short_forms": ["хельг",
	"хельге",
	"хельги",
	"алег"]
},
{
	"first_form": "оливер",
	"synonims": ["олли",
	"оли"],
	"short_forms": ["альвар",
	"альпар",
	"альбхери",
	"альваро",
	"альфере",
	"оливье",
	"альвари",
	"алвар",
	"оливерио",
	"оливьеро"]
},
{
	"first_form": "орест",
	"synonims": ["ора",
	"оря",
	"ростя"],
	"short_forms": ["орестес",
	"оресте",
	"орестис",
	"арэст"]
},
{
	"first_form": "орландо",
	"synonims": ["орл",
	"орланд",
	"орли",
	"дино"],
	"short_forms": ["роланд",
	"ролан",
	"ролланд",
	"роуланд",
	"роландо",
	"роланду",
	"руланд"]
},
{
	"first_form": "осип (иосиф)",
	"synonims": ["осипка",
	"ося",
	"еся",
	"ася"],
	"short_forms": ["осип",
	"иосиф",
	"ёсип",
	"иосип",
	"юсуф",
	"жусуп",
	"жусип",
	"юсуп",
	"йосоп",
	"йософ",
	"йосыф",
	"язеп",
	"овсеп"]
},
{
	"first_form": "оскар",
	"synonims": ["оскарино",
	"оскерино",
	"осик",
	"ока",
	"оскарито",
	"оси",
	"оскарек",
	"оки",
	"ос",
	"оска"],
	"short_forms": ["оскарре",
	"оскардо",
	"ансгар",
	"ошкар",
	"оскарин",
	"оскер",
	"оскэр",
	"оскардо",
	"оускар",
	"аусгейр"]
},
{
	"first_form": "остап",
	"synonims": ["остапка",
	"ося"],
	"short_forms": ["евстафий",
	"евстахий",
	"астафий",
	"астахий",
	"остафий",
	"остахий",
	"остах",
	"стах",
	"юстас",
	"эсташ",
	"эустакио",
	"эстате",
	"тато",
	"юстес"]
},
{
	"first_form": "остин",
	"synonims": ["стен",
	"тино"],
	"short_forms": ["остен",
	"августин",
	"огюстен",
	"агустин",
	"агостино"]
},
{
	"first_form": "петр",
	"synonims": ["петя",
	"петька",
	"петюня",
	"петруха",
	"петраня",
	"петря",
	"петруша",
	"петюша",
	"петяна",
	"петяй",
	"петра",
	"петран",
	"петрусь",
	"пер",
	"пеьро",
	"пит",
	"перин",
	"петруц",
	"перо",
	"пейя"],
	"short_forms": ["питер",
	"пирс",
	"пьер",
	"пьеро",
	"петер",
	"педер",
	"педру",
	"петрус",
	"педро",
	"пьетро",
	"петре",
	"пеер",
	"петрос",
	"петтер",
	"петур",
	"пиетари",
	"петрис",
	"петри"]
},
{
	"first_form": "павел",
	"synonims": ["павлик",
	"павлуня",
	"павлуша",
	"паша",
	"пава",
	"полле",
	"поли",
	"павлюня",
	"павлуся",
	"павлюся",
	"пашата",
	"пашута",
	"паня",
	"панюта",
	"панюха",
	"панюша",
	"паняша",
	"паля",
	"палюня",
	"палуня"],
	"short_forms": ["пол",
	"пауль",
	"поль",
	"пабло",
	"паулу",
	"пау",
	"паль",
	"паавали",
	"пал",
	"паули",
	"погос"]
},
{
	"first_form": "панкрат",
	"synonims": ["панкрас",
	"панк",
	"крац",
	"краца",
	"панкрасито"],
	"short_forms": ["панкрац",
	"панкрасио",
	"панкрасиу",
	"панкрацио",
	"понграц",
	"панкрази",
	"панкратиос",
	"панкратие",
	"панкрасиус"]
},
{
	"first_form": "патрик",
	"synonims": ["патя",
	"патря",
	"пат",
	"патси",
	"пати",
	"патек",
	"пэдди",
	"падди"],
	"short_forms": ["патрикей",
	"патрикий",
	"патриц",
	"патрисио",
	"патрис",
	"падрег",
	"подрег",
	"порег",
	"порек",
	"патриг"]
},
{
	"first_form": "педро",
	"synonims": ["перет",
	"перот",
	"перик",
	"педрито",
	"перико",
	"перикито",
	"перикин",
	"пейо",
	"перучо"],
	"short_forms": ["питер",
	"пьер",
	"петер",
	"педро",
	"пьетро",
	"петрос",
	"пиетари",
	"пётр"]
},
{
	"first_form": "перри",
	"synonims": ["пел",
	"рино",
	"пеллегро"],
	"short_forms": ["перегрин",
	"перегрино",
	"перегрину",
	"пелгржим",
	"пелегрин"]
},
{
	"first_form": "платон",
	"synonims": ["платоша",
	"платонка",
	"платоня",
	"платоха",
	"плата",
	"тоня",
	"тоха",
	"тоша",
	"платонко",
	"платонько",
	"платончик",
	"платоша",
	"плат"],
	"short_forms": ["платоне",
	"платонас"]
},
{
	"first_form": "потап",
	"synonims": ["потаня",
	"потапка",
	"патя",
	"пата",
	"потапко",
	"потапонько",
	"потапчик",
	"потапочко"],
	"short_forms": ["потапий",
	"потамий",
	"патап",
	"патапиос",
	"патапий"]
},
{
	"first_form": "прохор",
	"synonims": ["прохорка",
	"проха",
	"проша",
	"прошуня",
	"проня",
	"проньша"],
	"short_forms": ["прокерес",
	"прохорус",
	"прокор",
	"прокоро",
	"прохар"]
},
{
	"first_form": "равиль",
	"synonims": ["рави"],
	"short_forms": ["равил"]
},
{
	"first_form": "радий",
	"synonims": ["адя",
	"радик",
	"радя"],
	"short_forms": ["радик"]
},
{
	"first_form": "радик",
	"synonims": ["радя",
	"рад",
	"радий"],
	"short_forms": ["радий",
	"радиант",
	"радиф",
	"радомир",
	"радимир",
	"радзимир",
	"радмир",
	"радослав",
	"радислав",
	"радслав",
	"радзислав",
	"радосав",
	"радивой",
	"радивое"]
},
{
	"first_form": "радомир",
	"synonims": ["радек",
	"радик",
	"рацик",
	"радзим",
	"радя",
	"радоушек",
	"радечек",
	"радан",
	"мира",
	"мирек",
	"раца",
	"ратко",
	"раде",
	"райя",
	"райко",
	"радим",
	"дима"],
	"short_forms": ["радимир",
	"радзимир",
	"радмир",
	"радомер",
	"радим",
	"родомир"]
},
{
	"first_form": "радослав",
	"synonims": ["радек",
	"радик",
	"радусь",
	"радя",
	"радош",
	"радзик",
	"радзиш",
	"радосав",
	"радисав",
	"рале",
	"раша",
	"рашко",
	"рашо",
	"раца",
	"ратко",
	"раде",
	"райя",
	"райко"],
	"short_forms": ["радислав",
	"радслав",
	"радзислав",
	"радзлав"]
},
{
	"first_form": "разиль",
	"synonims": ["разя",
	"рася"],
	"short_forms": ["разил",
	"рузиль",
	"рузбех",
	"расиль"]
},
{
	"first_form": "райан",
	"synonims": ["рай",
	"рин",
	"ринн"],
	"short_forms": ["риан",
	"райен",
	"рианн",
	"райенн",
	"рейн"]
},
{
	"first_form": "раймонд",
	"synonims": ["рэй",
	"мундль",
	"райк",
	"райко",
	"мундику",
	"мундика",
	"раймундинью",
	"раймундин",
	"райма",
	"дику",
	"мандука",
	"мунду",
	"рай",
	"мундин",
	"дино",
	"дуд",
	"рами",
	"райкка",
	"рапе"],
	"short_forms": ["рэймонд",
	"рамиро",
	"рейнер",
	"рейн",
	"рейнгард",
	"рейнольд",
	"раймунд",
	"раймундо",
	"рамон",
	"раймо",
	"рэймент",
	"римонди",
	"римондини",
	"рамун",
	"аймун",
	"аррамун",
	"рэманн"]
},
{
	"first_form": "рамазан",
	"synonims": ["рамаз"],
	"short_forms": ["рамадан",
	"рамзан",
	"рамай"]
},
{
	"first_form": "рамиз",
	"synonims": [],
	"short_forms": []
},
{
	"first_form": "рамиль",
	"synonims": ["рами",
	"иля"],
	"short_forms": ["рами",
	"рамил",
	"раниль"]
},
{
	"first_form": "рамон",
	"synonims": ["рай",
	"райма",
	"рамонито",
	"мон",
	"рамонет",
	"мончо",
	"мончито"],
	"short_forms": ["рам",
	"рамм",
	"раймон",
	"раймунд",
	"раймундо",
	"раймунду"]
},
{
	"first_form": "ранель",
	"synonims": ["ран",
	"рани",
	"рон"],
	"short_forms": ["ранэль",
	"ронель",
	"ран",
	"рани"]
},
{
	"first_form": "расим",
	"synonims": [],
	"short_forms": []
},
{
	"first_form": "расул",
	"synonims": [],
	"short_forms": []
},
{
	"first_form": "ратмир",
	"synonims": ["ратя",
	"мира",
	"ратик",
	"ратек",
	"ратко",
	"ратмирек",
	"мирек"],
	"short_forms": ["ратимир",
	"рацимир",
	"рацимеж",
	"ратомир",
	"ратша"]
},
{
	"first_form": "рафаэль",
	"synonims": ["рафаилка",
	"рафа",
	"раф",
	"раха",
	"раша",
	"рафила",
	"фаил",
	"фаила",
	"иля",
	"леле",
	"рафинья",
	"фафа",
	"фефу",
	"рафаэлинью",
	"рафи",
	"рафик",
	"рафалек",
	"рафалко",
	"рафцьо",
	"рафусь"],
	"short_forms": ["рафаил",
	"рафел",
	"рафаэллу",
	"рафаэл",
	"рафел",
	"рафал",
	"рефаэль",
	"рафаиль"]
},
{
	"first_form": "рафик",
	"synonims": [],
	"short_forms": []
},
{
	"first_form": "рашид",
	"synonims": [],
	"short_forms": []
},
{
	"first_form": "ринат (ренат)",
	"synonims": ["рена",
	"рина",
	"ната",
	"ренатек",
	"ренек",
	"ренда",
	"ренатек"],
	"short_forms": ["ренат",
	"ренатус",
	"рене",
	"ренато",
	"ринату"]
},
{
	"first_form": "ричард",
	"synonims": ["дик",
	"рич",
	"ричи",
	"рик",
	"рикки",
	"рикардито",
	"рикар",
	"яйо",
	"рико",
	"чачо",
	"дино",
	"динетто",
	"риккардетто",
	"чардо",
	"чардино",
	"рикко",
	"рысь",
	"рысек",
	"рейк",
	"дикон"],
	"short_forms": ["рихард",
	"рихарт",
	"рикард",
	"ришар",
	"рикарду",
	"рикардо",
	"рекаредо",
	"рихард",
	"рихардус",
	"риккер",
	"рейкер",
	"рикар",
	"риштерд",
	"ришерт",
	"ришерч",
	"ритшерт",
	"ритшерч",
	"руишарт",
	"руишарч"]
},
{
	"first_form": "роберт",
	"synonims": ["робертушка",
	"роба",
	"роб",
	"берт",
	"бертик",
	"робан",
	"раб",
	"робик",
	"рубин",
	"робби",
	"бобби",
	"робин",
	"робен",
	"боб"],
	"short_forms": ["руперт",
	"боб",
	"робин",
	"робертус",
	"райберт",
	"раубер",
	"аррубер"]
},
{
	"first_form": "родион",
	"synonims": ["родионка",
	"родиоша",
	"родя",
	"родюша"],
	"short_forms": ["иродион",
	"радивон"]
},
{
	"first_form": "ролан",
	"synonims": ["роли",
	"роули",
	"рол",
	"роландито",
	"рольданито",
	"рола",
	"роло",
	"ролас",
	"орландино",
	"дино",
	"динетто",
	"ландо",
	"рул",
	"рултье"],
	"short_forms": ["роланд",
	"ролланд",
	"роуланд",
	"роландо",
	"роланду",
	"орландо",
	"руланд",
	"руландус",
	"роландус",
	"роландас",
	"роуланд",
	"роланн",
	"ролант",
	"лорант"]
},
{
	"first_form": "роман",
	"synonims": ["рома",
	"ромася",
	"ромуля",
	"романка",
	"ромаха",
	"ромаша",
	"романя",
	"роро",
	"ро"],
	"short_forms": ["романус",
	"романо",
	"раман"]
},
{
	"first_form": "ростислав",
	"synonims": ["слава",
	"славик",
	"ростиславка",
	"ростя",
	"ростик",
	"рося",
	"ротя"],
	"short_forms": ["ростислав"]
},
{
	"first_form": "рубен",
	"synonims": ["рубеня",
	"беня",
	"рубенушка",
	"рубик",
	"рубенчик",
	"рубя",
	"рубентьюшка",
	"руб",
	"рубенито",
	"руби",
	"рус"],
	"short_forms": ["рувин",
	"реувен",
	"реубен",
	"рюбан",
	"рувим"]
},
{
	"first_form": "рудольф",
	"synonims": ["ролло",
	"руди",
	"руда",
	"руди",
	"рудик",
	"рудолфек",
	"рудла",
	"руданек",
	"рудинек",
	"рудоушек",
	"долф",
	"дольф",
	"ралли",
	"раффи",
	"раули"],
	"short_forms": ["рудолф",
	"рольф",
	"ролф",
	"родольфо",
	"родолфу",
	"радульф",
	"рауль",
	"ральф",
	"редвульф",
	"раул",
	"рэйф",
	"рудель",
	"раули"]
},
{
	"first_form": "руслан",
	"synonims": ["руся",
	"русик",
	"русланка",
	"русланчик",
	"рустик",
	"русья",
	"руська"],
	"short_forms": ["руслан"]
},
{
	"first_form": "рустам",
	"synonims": ["руся",
	"рустя"],
	"short_forms": ["рустем",
	"рустан",
	"рустям"]
},
{
	"first_form": "рэй",
	"synonims": [],
	"short_forms": []
},
{
	"first_form": "савва",
	"synonims": ["саввушка",
	"савка",
	"савко",
	"ава"],
	"short_forms": ["сава",
	"сабас",
	"саба",
	"шаба",
	"саввас"]
},
{
	"first_form": "савелий",
	"synonims": ["савушка",
	"сава",
	"ава",
	"савка",
	"савва",
	"савелка",
	"савельюшка",
	"саввушка"],
	"short_forms": ["савел",
	"савёл",
	"савва"]
},
{
	"first_form": "саид",
	"synonims": [],
	"short_forms": []
},
{
	"first_form": "самат",
	"synonims": [],
	"short_forms": []
},
{
	"first_form": "самвел",
	"synonims": [],
	"short_forms": []
},
{
	"first_form": "самир",
	"synonims": [],
	"short_forms": []
},
{
	"first_form": "самуил",
	"synonims": ["самуилка",
	"самуня",
	"самуха",
	"саня",
	"самойлушка",
	"самоня",
	"самоха",
	"самоша",
	"сэм",
	"сэмми",
	"самуэлито",
	"муэл",
	"саму",
	"муму",
	"самука",
	"самуэлино",
	"леле"],
	"short_forms": ["самойло",
	"самойла",
	"самуэль",
	"самуэл",
	"шамуэл",
	"шамиль",
	"шимон",
	"симон",
	"самвел",
	"сэмюэл",
	"сэмьюэл",
	"замуэль",
	"самюэль",
	"самуилос",
	"самуилус",
	"самули",
	"сауил"]
},
{
	"first_form": "санжар",
	"synonims": [],
	"short_forms": []
},
{
	"first_form": "сани",
	"synonims": [],
	"short_forms": []
},
{
	"first_form": "святослав",
	"synonims": ["святик",
	"света",
	"светик",
	"слава",
	"славик",
	"святославка",
	"свята",
	"святоша"],
	"short_forms": ["свентослав",
	"сватослав",
	"светислав",
	"светослав"]
},
{
	"first_form": "севастьян",
	"synonims": ["сева",
	"севаша",
	"савастьянка",
	"савостейка",
	"савося",
	"севастьянка",
	"себ",
	"себа",
	"себбе",
	"нина",
	"бастиан",
	"басти",
	"тан"],
	"short_forms": ["себастьян",
	"савастьян",
	"севастиан",
	"себастиан"]
},
{
	"first_form": "семен",
	"synonims": ["сема",
	"сеня",
	"сенюхя",
	"сенюша",
	"сима",
	"семенка",
	"симаня",
	"симоня",
	"сим",
	"сими",
	"симон"],
	"short_forms": ["симеон",
	"саймон",
	"симон",
	"симоне",
	"симун",
	"шимон",
	"сеймон"]
},
{
	"first_form": "серафим",
	"synonims": ["сима",
	"фима",
	"сера",
	"фина",
	"има",
	"сюра",
	"серафи"],
	"short_forms": ["серафин",
	"зерафин",
	"серафен",
	"серафино"]
},
{
	"first_form": "сергей",
	"synonims": ["сережа",
	"серж",
	"сереня",
	"серега",
	"сергейка",
	"сергуля",
	"гуля",
	"сергуся",
	"гуся",
	"сергуша",
	"гуша",
	"сергуня",
	"гуня",
	"серхито",
	"чучо"],
	"short_forms": ["сергий",
	"сергиус",
	"серж",
	"серхио",
	"сержи",
	"серджи",
	"сергиуш"]
},
{
	"first_form": "сидор",
	"synonims": ["сидорка",
	"сида",
	"сидя",
	"иззи",
	"исидорито",
	"исидрито",
	"чило",
	"чилоло",
	"чиро"],
	"short_forms": ["исидор",
	"изидор",
	"исидоро",
	"исидро",
	"исидорос"]
},
{
	"first_form": "спартак",
	"synonims": ["спартакушка",
	"спарташа",
	"патя",
	"пата"],
	"short_forms": ["спартак"]
},
{
	"first_form": "станислав",
	"synonims": ["стас",
	"станя",
	"стася",
	"стасик",
	"станиславка",
	"слава",
	"славик",
	"сташа",
	"стенцель",
	"штенцель",
	"стан"],
	"short_forms": ["станистаус",
	"эштанислау",
	"станислас",
	"эстанислао",
	"станислао",
	"стэнли"]
},
{
	"first_form": "степан",
	"synonims": ["степа",
	"степаша",
	"стеша",
	"степуня",
	"степанка",
	"степаня",
	"степаха",
	"степура",
	"степуха",
	"степуша",
	"стеня",
	"стенюша",
	"щепек",
	"щепан",
	"фане",
	"стеф"],
	"short_forms": ["стефанос",
	"стефан",
	"штефан",
	"этьен",
	"эстебан",
	"иштван",
	"стивен",
	"стеффен",
	"тапани"]
},
{
	"first_form": "султан",
	"synonims": [],
	"short_forms": []
},
{
	"first_form": "тагир",
	"synonims": ["гир",
	"тагирушка",
	"тагирчик"],
	"short_forms": ["тахир",
	"дагир"]
},
{
	"first_form": "тайлер",
	"synonims": ["тай",
	"тей",
	"тэй",
	"ло",
	"ли"],
	"short_forms": ["тайлор",
	"тэйлор",
	"тэйлер",
	"тейлор",
	"тейлэр",
	"тайлэр"]
},
{
	"first_form": "тамаз",
	"synonims": [],
	"short_forms": []
},
{
	"first_form": "тамерлан",
	"synonims": ["тамик"],
	"short_forms": ["тимур",
	"темерлан",
	"темирлан",
	"тамирлан"]
},
{
	"first_form": "тарас",
	"synonims": ["тараска",
	"тарасик",
	"ася",
	"тараско",
	"тарасичок",
	"тарасунчик",
	"тарасуня",
	"тарасуньо",
	"тарасьо"],
	"short_forms": ["тарасий",
	"тарасиос"]
},
{
	"first_form": "тигран",
	"synonims": [],
	"short_forms": []
},
{
	"first_form": "тимофей",
	"synonims": ["тимоша",
	"тима",
	"тиманя",
	"тимаха",
	"тимаша",
	"тема",
	"тимофейка",
	"тимоха",
	"тимоня",
	"тимося",
	"тимуня",
	"тюня",
	"тимо",
	"тео",
	"тим"],
	"short_forms": ["тимофеос",
	"тимоти",
	"тимотеус",
	"тимо",
	"тимод",
	"тимутеа",
	"тимотей",
	"тимофтей",
	"тимотеос",
	"тимотео",
	"тимоте"]
},
{
	"first_form": "тимур",
	"synonims": ["тимурка",
	"тима",
	"мура",
	"мур",
	"тим"],
	"short_forms": ["тимер",
	"демир",
	"темир",
	"темур",
	"таймураз",
	"теймураз",
	"теймур",
	"минтимер",
	"тимерхан",
	"тимир",
	"тимирхан"]
},
{
	"first_form": "тихон",
	"synonims": ["тихонка",
	"тихоня",
	"тиша",
	"тихо"],
	"short_forms": ["тико"]
},
{
	"first_form": "томас",
	"synonims": ["том",
	"томми",
	"томицэ",
	"тами",
	"томи",
	"томика",
	"томчи",
	"томчо",
	"тома",
	"томо"],
	"short_forms": ["томмазо",
	"томаш",
	"товмас",
	"том",
	"фомас",
	"томми",
	"тома",
	"дама",
	"дамаль",
	"томазен",
	"тамаш",
	"тумаш",
	"хама",
	"хамаш",
	"тавас",
	"тэвис"]
},
{
	"first_form": "трофим",
	"synonims": ["трофимка",
	"троха",
	"троша",
	"троня",
	"триша",
	"труня",
	"фима"],
	"short_forms": ["трофимос",
	"трофимус",
	"трофемес",
	"трофимо"]
},
{
	"first_form": "уинслоу",
	"synonims": [],
	"short_forms": []
},
{
	"first_form": "умар",
	"synonims": [],
	"short_forms": []
},
{
	"first_form": "устин",
	"synonims": ["устя",
	"устюха",
	"устюша",
	"устинка",
	"устимко",
	"устинко",
	"устиночко",
	"устимонько",
	"устимочко",
	"юстинка",
	"юстя",
	"юста",
	"джасти",
	"джас",
	"юсси",
	"тино",
	"юстек",
	"юстик",
	"стейн",
	"стинус"],
	"short_forms": ["иустин",
	"юстин",
	"устим",
	"джастин",
	"жюстен",
	"жюст",
	"хустин",
	"джустино",
	"юстинус",
	"юстын",
	"жустину",
	"гестин",
	"жестин",
	"йестин",
	"эстин",
	"истин"]
},
{
	"first_form": "федор",
	"synonims": ["федя",
	"феденька",
	"федюня",
	"федюша",
	"федюха",
	"федяша",
	"федуля",
	"федуня",
	"федуся",
	"дуся",
	"федюка",
	"федюля",
	"федюся",
	"тео",
	"тода",
	"тед",
	"дор",
	"дорел",
	"тедди",
	"дорус"],
	"short_forms": ["федор",
	"феодор",
	"теодор",
	"тудор",
	"тодор",
	"теудур",
	"теуво",
	"теодоро",
	"тивадар",
	"тиадар",
	"тиодор",
	"фёдар",
	"теодорус",
	"тедор",
	"федар"]
},
{
	"first_form": "фазиль",
	"synonims": [],
	"short_forms": []
},
{
	"first_form": "фарид",
	"synonims": [],
	"short_forms": []
},
{
	"first_form": "фархад",
	"synonims": [],
	"short_forms": []
},
{
	"first_form": "федот",
	"synonims": ["федотка",
	"федя",
	"дотя"],
	"short_forms": ["феодот",
	"теодот"]
},
{
	"first_form": "феликс",
	"synonims": ["феля",
	"еля",
	"фели",
	"фелек",
	"фела"],
	"short_forms": ["филикс",
	"феличе",
	"фелис",
	"филист",
	"финист"]
},
{
	"first_form": "филипп",
	"synonims": ["филя",
	"филипка",
	"филек",
	"пипо",
	"филюха",
	"филюша",
	"липа",
	"фил",
	"фипс"],
	"short_forms": ["филип",
	"фелип",
	"вилппу",
	"пилиб"]
},
{
	"first_form": "флор",
	"synonims": ["флора",
	"лора",
	"фролка",
	"фролушка",
	"флорри",
	"фло",
	"флорито",
	"фьорино",
	"фьорелло",
	"фьоретто",
	"фьорилло",
	"флорек",
	"флорусь"],
	"short_forms": ["фрол",
	"флориан",
	"флоро",
	"флорио",
	"флориндо",
	"флоре",
	"флорин",
	"флори",
	"флорис",
	"флорианус",
	"флурус",
	"флорьян",
	"фьялью"]
},
{
	"first_form": "фома",
	"synonims": ["фомка",
	"фомушка",
	"томица",
	"тома",
	"хомко",
	"хомка",
	"хомик",
	"хомонько",
	"хомочко",
	"хомцьо",
	"хомусь",
	"томко",
	"томусь",
	"томуньо"],
	"short_forms": ["фама",
	"хома",
	"тома",
	"тамаш",
	"томас",
	"фомас",
	"том",
	"томмазо",
	"томаш",
	"тома",
	"товмас",
	"дама",
	"дамаль",
	"томазен",
	"тамаш",
	"тумаш",
	"хама",
	"хамаш",
	"тавас",
	"тэвис"]
},
{
	"first_form": "фред",
	"synonims": [],
	"short_forms": []
},
{
	"first_form": "фридрих",
	"synonims": ["фред",
	"фредди",
	"фриц",
	"фридель",
	"фридер",
	"фридль",
	"фрид",
	"фриди",
	"фридо",
	"федери",
	"фе",
	"фефе",
	"деде",
	"кико",
	"кикко",
	"рико"],
	"short_forms": ["фредерик",
	"федерико",
	"фредерику",
	"фредерико",
	"фридьеш",
	"бедржих",
	"фридрик"]
},
{
	"first_form": "хабиб",
	"synonims": [],
	"short_forms": []
},
{
	"first_form": "хаким",
	"synonims": [],
	"short_forms": []
},
{
	"first_form": "харитон",
	"synonims": ["харитоша",
	"харитонка",
	"харитоня",
	"харитюня",
	"хоря"],
	"short_forms": ["харисей",
	"харсей",
	"аритон",
	"харитин"]
},
{
	"first_form": "хасан",
	"synonims": [],
	"short_forms": []
},
{
	"first_form": "цезарь",
	"synonims": ["цеза",
	"цезарек",
	"зарек",
	"зара",
	"заря",
	"чарек",
	"чарущ",
	"чезарино",
	"сесел"],
	"short_forms": ["цезарий",
	"кесарь",
	"кесарий",
	"чезаре",
	"сезар",
	"сизар",
	"сезер",
	"сесар",
	"цезар",
	"цезары",
	"цезариуш",
	"цесар"]
},
{
	"first_form": "цефас",
	"synonims": [],
	"short_forms": []
},
{
	"first_form": "цецилий (сесил)",
	"synonims": ["сельен",
	"сильен",
	"селинио",
	"сесилито",
	"чичило",
	"чило",
	"селинью"],
	"short_forms": ["сесилий",
	"цецил",
	"сесилио",
	"сесил",
	"сесилиу",
	"чечилио",
	"чечилиу",
	"сесиль",
	"сесильен"]
},
{
	"first_form": "цицерон",
	"synonims": [],
	"short_forms": []
},
{
	"first_form": "чарльз",
	"synonims": ["чарли",
	"чес",
	"чип",
	"чак",
	"калли",
	"карли",
	"кари",
	"карчи"],
	"short_forms": ["чарлз",
	"шарль",
	"карл",
	"карлуш",
	"карло",
	"карел"]
},
{
	"first_form": "чеслав",
	"synonims": ["чесек",
	"чесьо",
	"чеш",
	"чесь",
	"чесько",
	"чеся",
	"чешка",
	"честа",
	"слава",
	"славек",
	"цтик"],
	"short_forms": ["честислав",
	"часлав",
	"цтислав",
	"чаеслав"]
},
{
	"first_form": "чингиз",
	"synonims": [],
	"short_forms": []
},
{
	"first_form": "шамиль",
	"synonims": [],
	"short_forms": []
},
{
	"first_form": "шарль",
	"synonims": ["шарло",
	"лоло",
	"шали",
	"чарли"],
	"short_forms": ["карл",
	"чарльз",
	"чарлз",
	"шерлас",
	"карлос",
	"карлуш",
	"карло",
	"карол",
	"карой",
	"карел"]
},
{
	"first_form": "шерлок",
	"synonims": [],
	"short_forms": []
},
{
	"first_form": "эдгар",
	"synonims": ["эд",
	"эдди",
	"эдо",
	"нед",
	"недди",
	"эдгардито",
	"дега",
	"ди"],
	"short_forms": ["эдгардо",
	"эйдгейр",
	"одгер",
	"адгер"]
},
{
	"first_form": "эдуард",
	"synonims": ["эдуардик",
	"эд",
	"эдди",
	"эдик",
	"эдя",
	"эдюня",
	"эду",
	"ду",
	"дадо",
	"дино",
	"тед"],
	"short_forms": ["эдвард",
	"эдуар",
	"эде",
	"ээту",
	"эйджард",
	"эдард"]
},
{
	"first_form": "эльдар",
	"synonims": ["илиодорка",
	"дора",
	"иля",
	"дарик",
	"дар",
	"элик"],
	"short_forms": ["эллар",
	"илиодор",
	"лиодор",
	"ильдар"]
},
{
	"first_form": "эмиль",
	"synonims": ["эмиля",
	"миля",
	"эма",
	"эля",
	"эмильхен",
	"эм",
	"милу",
	"амелиус",
	"амел",
	"милле"],
	"short_forms": ["эмилий",
	"эмил",
	"эмильен",
	"эмилиано",
	"эмилио",
	"эмилиану",
	"эмилиан",
	"емилиян",
	"емельян"]
},
{
	"first_form": "эмин",
	"synonims": ["эм"],
	"short_forms": ["эвин",
	"ивин",
	"амин"]
},
{
	"first_form": "эрик",
	"synonims": [],
	"short_forms": []
},
{
	"first_form": "эркюль",
	"synonims": [],
	"short_forms": []
},
{
	"first_form": "эрмин",
	"synonims": [],
	"short_forms": []
},
{
	"first_form": "эузебио",
	"synonims": ["эзеби",
	"эусебито",
	"себито",
	"чебо",
	"чебито",
	"эусеб",
	"себ",
	"себек",
	"себоушек"],
	"short_forms": ["евсей",
	"эусебио",
	"эусебиос",
	"эвсевиос",
	"евсевий",
	"эусебиус",
	"эжеб",
	"овсей",
	"авсей",
	"эвсевис",
	"эвсевие",
	"ойзебиус",
	"эузеб",
	"эзеб",
	"эузепио"]
},
{
	"first_form": "юлиан",
	"synonims": ["юли",
	"юликэ",
	"юлик",
	"юлко",
	"юлек",
	"юлда",
	"юлан",
	"юл",
	"юс",
	"юле",
	"юлтье",
	"джулс",
	"джул",
	"хулианито",
	"жулику",
	"жука",
	"жу",
	"джулианетто",
	"джулианино",
	"джулианелло",
	"джули",
	"джу"],
	"short_forms": ["иулиан",
	"ульян",
	"джулиан",
	"жюльен",
	"хулиан",
	"жулиану",
	"джулиано",
	"юлианос",
	"юлиян",
	"юлианус"]
},
{
	"first_form": "юлий",
	"synonims": ["юля",
	"юлик",
	"юли",
	"юликэ",
	"юлись",
	"юлек",
	"юла",
	"юл",
	"юс",
	"юлле",
	"джулс",
	"джул",
	"жюло",
	"жюжюль",
	"хулин",
	"хулито",
	"хули",
	"жулику",
	"жука",
	"жу",
	"джульетто",
	"джулино",
	"джули",
	"джу"],
	"short_forms": ["иулий",
	"джулиус",
	"юлиус",
	"жюль",
	"хулио",
	"жулиу",
	"джулио",
	"юлиу",
	"юлиуш",
	"юлие"]
},
{
	"first_form": "юнус",
	"synonims": [],
	"short_forms": []
},
{
	"first_form": "юрий",
	"synonims": ["юра",
	"юрик",
	"юраня",
	"юрася",
	"юраха",
	"юраша",
	"юша"],
	"short_forms": ["иржи",
	"джордж",
	"юрьё",
	"жорж",
	"йорген",
	"йорн",
	"йори"]
},
{
	"first_form": "юстиниан",
	"synonims": ["юстек",
	"юстя",
	"жюст",
	"тино",
	"тина"],
	"short_forms": ["иустиниан",
	"жюстиньен",
	"хустиниано",
	"жустиниану",
	"джустиниано"]
},
{
	"first_form": "юстус",
	"synonims": ["юст",
	"юста",
	"юстя",
	"юса",
	"юся",
	"юс"],
	"short_forms": ["иуст",
	"джастес",
	"жюст",
	"хусто",
	"джусто",
	"йост",
	"жюстюс",
	"жусту",
	"жушту"]
},
{
	"first_form": "яков",
	"synonims": ["яша",
	"яня",
	"яник",
	"яся",
	"яковка",
	"якуня",
	"якуха",
	"якуша",
	"яшата",
	"яшуня",
	"яшута",
	"яшоня"],
	"short_forms": ["иаков",
	"якоб",
	"якуб",
	"якобус",
	"акоп",
	"яковос",
	"якаб",
	"яго",
	"джаго"]
},
{
	"first_form": "ян",
	"synonims": ["яня",
	"яник",
	"янчи",
	"янко",
	"еник"],
	"short_forms": ["йоан",
	"иан",
	"юханнес",
	"иоаннис",
	"янис",
	"януш"]
},
{
	"first_form": "яромир",
	"synonims": ["ярош",
	"ярик",
	"ярек",
	"яра",
	"ярда",
	"яречек",
	"ярко",
	"мирек",
	"мира",
	"яроушек",
	"яромирек"],
	"short_forms": ["яромар",
	"яромеж"]
},
{
	"first_form": "ярослав",
	"synonims": ["ярик",
	"слава",
	"славик",
	"славуня",
	"славуся",
	"рося",
	"яра",
	"ярда",
	"ярка",
	"ярек",
	"яроуш",
	"славек",
	"яречек",
	"ярусь",
	"ярко",
	"ярох",
	"ярош",
	"яш"],
	"short_forms": ["ярошь",
	"ярко",
	"яслав"]
}]